id;date_debut;date_fin;title;description
1;2020-03-06T04:21:36;2020-03-05T14:48:20;override;Integration Awesome Granite Pants content
2;2020-03-05T18:37:43;2020-03-06T06:34:06;Internal Brazil Handcrafted Soft Chair;distributed Kids
3;2020-03-05T13:50:18;2020-03-06T04:56:59;Mauritius program Sleek Frozen Ball;function gold
4;2020-03-05T10:24:32;2020-03-05T13:21:46;connecting;optical
5;2020-03-05T23:41:14;2020-03-06T00:27:11;application navigate;Tasty Money Market Account bricks-and-clicks
6;2020-03-06T01:41:12;2020-03-06T07:02:32;compressing portals;best-of-breed throughput
7;2020-03-05T18:33:50;2020-03-05T13:10:13;Movies Fish;open-source Tasty
8;2020-03-06T00:34:27;2020-03-05T14:09:50;card Nebraska;applications
9;2020-03-06T02:17:20;2020-03-05T12:19:30;Bedfordshire facilitate;parsing
10;2020-03-05T10:40:59;2020-03-05T13:30:30;Beauty;Multi-lateral Rubber AGP
